DATAFLOW,LAST UPDATE,freq,product,consom,unit,tax,currency,geo,TIME_PERIOD,OBS_VALUE,OBS_FLAG
ESTAT:NRG_PC_203$DEFAULTVIEW(1.0),01/02/23 23:00:00,S,4100,4142903,KWH,X_TAX,EUR,AL,2021-S2,0.0000,d
ESTAT:NRG_PC_203$DEFAULTVIEW(1.0),01/02/23 23:00:00,S,4100,4142903,KWH,X_TAX,EUR,AL,2022-S1,0.0000,d
ESTAT:NRG_PC_203$DEFAULTVIEW(1.0),01/02/23 23:00:00,S,4100,4142903,KWH,X_TAX,EUR,AT,2017-S2,0.0270,
ESTAT:NRG_PC_203$DEFAULTVIEW(1.0),01/02/23 23:00:00,S,4100,4142903,KWH,X_TAX,EUR,AT,2018-S1,0.0262,
ESTAT:NRG_PC_203$DEFAULTVIEW(1.0),01/02/23 23:00:00,S,4100,4142903,KWH,X_TAX,EUR,AT,2018-S2,0.0277,
ESTAT:NRG_PC_203$DEFAULTVIEW(1.0),01/02/23 23:00:00,S,4100,4142903,KWH,X_TAX,EUR,AT,2019-S1,0.0265,
ESTAT:NRG_PC_203$DEFAULTVIEW(1.0),01/02/23 23:00:00,S,4100,4142903,KWH,X_TAX,EUR,AT,2019-S2,0.0248,
ESTAT:NRG_PC_203$DEFAULTVIEW(1.0),01/02/23 23:00:00,S,4100,4142903,KWH,X_TAX,EUR,AT,2020-S1,0.0244,
ESTAT:NRG_PC_203$DEFAULTVIEW(1.0),01/02/23 23:00:00,S,4100,4142903,KWH,X_TAX,EUR,AT,2020-S2,0.0239,
ESTAT:NRG_PC_203$DEFAULTVIEW(1.0),01/02/23 23:00:00,S,4100,4142903,KWH,X_TAX,EUR,AT,2021-S1,0.0251,
ESTAT:NRG_PC_203$DEFAULTVIEW(1.0),01/02/23 23:00:00,S,4100,4142903,KWH,X_TAX,EUR,AT,2021-S2,0.0410,
ESTAT:NRG_PC_203$DEFAULTVIEW(1.0),01/02/23 23:00:00,S,4100,4142903,KWH,X_TAX,EUR,AT,2022-S1,0.0584,
ESTAT:NRG_PC_203$DEFAULTVIEW(1.0),01/02/23 23:00:00,S,4100,4142903,KWH,X_TAX,EUR,BA,2017-S2,0.0358,
ESTAT:NRG_PC_203$DEFAULTVIEW(1.0),01/02/23 23:00:00,S,4100,4142903,KWH,X_TAX,EUR,BA,2018-S1,0.0356,
ESTAT:NRG_PC_203$DEFAULTVIEW(1.0),01/02/23 23:00:00,S,4100,4142903,KWH,X_TAX,EUR,BA,2018-S2,0.0357,
ESTAT:NRG_PC_203$DEFAULTVIEW(1.0),01/02/23 23:00:00,S,4100,4142903,KWH,X_TAX,EUR,BA,2019-S1,0.0367,
ESTAT:NRG_PC_203$DEFAULTVIEW(1.0),01/02/23 23:00:00,S,4100,4142903,KWH,X_TAX,EUR,BA,2019-S2,0.0372,
ESTAT:NRG_PC_203$DEFAULTVIEW(1.0),01/02/23 23:00:00,S,4100,4142903,KWH,X_TAX,EUR,BA,2020-S1,0.0397,
ESTAT:NRG_PC_203$DEFAULTVIEW(1.0),01/02/23 23:00:00,S,4100,4142903,KWH,X_TAX,EUR,BA,2020-S2,0.0375,
ESTAT:NRG_PC_203$DEFAULTVIEW(1.0),01/02/23 23:00:00,S,4100,4142903,KWH,X_TAX,EUR,BA,2021-S1,0.0354,
ESTAT:NRG_PC_203$DEFAULTVIEW(1.0),01/02/23 23:00:00,S,4100,4142903,KWH,X_TAX,EUR,BA,2021-S2,0.0387,
ESTAT:NRG_PC_203$DEFAULTVIEW(1.0),01/02/23 23:00:00,S,4100,4142903,KWH,X_TAX,EUR,BA,2022-S1,0.0456,
ESTAT:NRG_PC_203$DEFAULTVIEW(1.0),01/02/23 23:00:00,S,4100,4142903,KWH,X_TAX,EUR,BE,2017-S2,0.0215,
ESTAT:NRG_PC_203$DEFAULTVIEW(1.0),01/02/23 23:00:00,S,4100,4142903,KWH,X_TAX,EUR,BE,2018-S1,0.0213,
ESTAT:NRG_PC_203$DEFAULTVIEW(1.0),01/02/23 23:00:00,S,4100,4142903,KWH,X_TAX,EUR,BE,2018-S2,0.0231,
ESTAT:NRG_PC_203$DEFAULTVIEW(1.0),01/02/23 23:00:00,S,4100,4142903,KWH,X_TAX,EUR,BE,2019-S1,0.0225,
ESTAT:NRG_PC_203$DEFAULTVIEW(1.0),01/02/23 23:00:00,S,4100,4142903,KWH,X_TAX,EUR,BE,2019-S2,0.0213,
ESTAT:NRG_PC_203$DEFAULTVIEW(1.0),01/02/23 23:00:00,S,4100,4142903,KWH,X_TAX,EUR,BE,2020-S1,0.0193,
ESTAT:NRG_PC_203$DEFAULTVIEW(1.0),01/02/23 23:00:00,S,4100,4142903,KWH,X_TAX,EUR,BE,2020-S2,0.0191,
ESTAT:NRG_PC_203$DEFAULTVIEW(1.0),01/02/23 23:00:00,S,4100,4142903,KWH,X_TAX,EUR,BE,2021-S1,0.0203,
ESTAT:NRG_PC_203$DEFAULTVIEW(1.0),01/02/23 23:00:00,S,4100,4142903,KWH,X_TAX,EUR,BE,2021-S2,0.0325,
ESTAT:NRG_PC_203$DEFAULTVIEW(1.0),01/02/23 23:00:00,S,4100,4142903,KWH,X_TAX,EUR,BE,2022-S1,0.0485,
ESTAT:NRG_PC_203$DEFAULTVIEW(1.0),01/02/23 23:00:00,S,4100,4142903,KWH,X_TAX,EUR,BG,2017-S2,0.0242,
ESTAT:NRG_PC_203$DEFAULTVIEW(1.0),01/02/23 23:00:00,S,4100,4142903,KWH,X_TAX,EUR,BG,2018-S1,0.0246,
ESTAT:NRG_PC_203$DEFAULTVIEW(1.0),01/02/23 23:00:00,S,4100,4142903,KWH,X_TAX,EUR,BG,2018-S2,0.0279,
ESTAT:NRG_PC_203$DEFAULTVIEW(1.0),01/02/23 23:00:00,S,4100,4142903,KWH,X_TAX,EUR,BG,2019-S1,0.0297,
ESTAT:NRG_PC_203$DEFAULTVIEW(1.0),01/02/23 23:00:00,S,4100,4142903,KWH,X_TAX,EUR,BG,2019-S2,0.0269,
ESTAT:NRG_PC_203$DEFAULTVIEW(1.0),01/02/23 23:00:00,S,4100,4142903,KWH,X_TAX,EUR,BG,2020-S1,0.0221,
ESTAT:NRG_PC_203$DEFAULTVIEW(1.0),01/02/23 23:00:00,S,4100,4142903,KWH,X_TAX,EUR,BG,2020-S2,0.0191,
ESTAT:NRG_PC_203$DEFAULTVIEW(1.0),01/02/23 23:00:00,S,4100,4142903,KWH,X_TAX,EUR,BG,2021-S1,0.0237,
ESTAT:NRG_PC_203$DEFAULTVIEW(1.0),01/02/23 23:00:00,S,4100,4142903,KWH,X_TAX,EUR,BG,2021-S2,0.0498,
ESTAT:NRG_PC_203$DEFAULTVIEW(1.0),01/02/23 23:00:00,S,4100,4142903,KWH,X_TAX,EUR,BG,2022-S1,0.0745,
ESTAT:NRG_PC_203$DEFAULTVIEW(1.0),01/02/23 23:00:00,S,4100,4142903,KWH,X_TAX,EUR,CZ,2017-S2,0.0233,
ESTAT:NRG_PC_203$DEFAULTVIEW(1.0),01/02/23 23:00:00,S,4100,4142903,KWH,X_TAX,EUR,CZ,2018-S1,0.0243,
ESTAT:NRG_PC_203$DEFAULTVIEW(1.0),01/02/23 23:00:00,S,4100,4142903,KWH,X_TAX,EUR,CZ,2018-S2,0.0254,
ESTAT:NRG_PC_203$DEFAULTVIEW(1.0),01/02/23 23:00:00,S,4100,4142903,KWH,X_TAX,EUR,CZ,2019-S1,0.0280,
ESTAT:NRG_PC_203$DEFAULTVIEW(1.0),01/02/23 23:00:00,S,4100,4142903,KWH,X_TAX,EUR,CZ,2019-S2,0.0274,
ESTAT:NRG_PC_203$DEFAULTVIEW(1.0),01/02/23 23:00:00,S,4100,4142903,KWH,X_TAX,EUR,CZ,2020-S1,0.0241,
ESTAT:NRG_PC_203$DEFAULTVIEW(1.0),01/02/23 23:00:00,S,4100,4142903,KWH,X_TAX,EUR,CZ,2020-S2,0.0240,
ESTAT:NRG_PC_203$DEFAULTVIEW(1.0),01/02/23 23:00:00,S,4100,4142903,KWH,X_TAX,EUR,CZ,2021-S1,0.0238,
ESTAT:NRG_PC_203$DEFAULTVIEW(1.0),01/02/23 23:00:00,S,4100,4142903,KWH,X_TAX,EUR,CZ,2021-S2,0.0316,
ESTAT:NRG_PC_203$DEFAULTVIEW(1.0),01/02/23 23:00:00,S,4100,4142903,KWH,X_TAX,EUR,CZ,2022-S1,0.0667,
ESTAT:NRG_PC_203$DEFAULTVIEW(1.0),01/02/23 23:00:00,S,4100,4142903,KWH,X_TAX,EUR,DE,2017-S2,0.0266,
ESTAT:NRG_PC_203$DEFAULTVIEW(1.0),01/02/23 23:00:00,S,4100,4142903,KWH,X_TAX,EUR,DE,2018-S1,0.0277,
ESTAT:NRG_PC_203$DEFAULTVIEW(1.0),01/02/23 23:00:00,S,4100,4142903,KWH,X_TAX,EUR,DE,2018-S2,0.0275,
ESTAT:NRG_PC_203$DEFAULTVIEW(1.0),01/02/23 23:00:00,S,4100,4142903,KWH,X_TAX,EUR,DE,2019-S1,0.0278,
ESTAT:NRG_PC_203$DEFAULTVIEW(1.0),01/02/23 23:00:00,S,4100,4142903,KWH,X_TAX,EUR,DE,2019-S2,0.0253,
ESTAT:NRG_PC_203$DEFAULTVIEW(1.0),01/02/23 23:00:00,S,4100,4142903,KWH,X_TAX,EUR,DE,2020-S1,0.0245,
ESTAT:NRG_PC_203$DEFAULTVIEW(1.0),01/02/23 23:00:00,S,4100,4142903,KWH,X_TAX,EUR,DE,2020-S2,0.0244,
ESTAT:NRG_PC_203$DEFAULTVIEW(1.0),01/02/23 23:00:00,S,4100,4142903,KWH,X_TAX,EUR,DE,2021-S1,0.0238,
ESTAT:NRG_PC_203$DEFAULTVIEW(1.0),01/02/23 23:00:00,S,4100,4142903,KWH,X_TAX,EUR,DE,2021-S2,0.0297,
ESTAT:NRG_PC_203$DEFAULTVIEW(1.0),01/02/23 23:00:00,S,4100,4142903,KWH,X_TAX,EUR,DE,2022-S1,0.0445,
ESTAT:NRG_PC_203$DEFAULTVIEW(1.0),01/02/23 23:00:00,S,4100,4142903,KWH,X_TAX,EUR,DK,2017-S2,0.0240,
ESTAT:NRG_PC_203$DEFAULTVIEW(1.0),01/02/23 23:00:00,S,4100,4142903,KWH,X_TAX,EUR,DK,2018-S1,0.0274,
ESTAT:NRG_PC_203$DEFAULTVIEW(1.0),01/02/23 23:00:00,S,4100,4142903,KWH,X_TAX,EUR,DK,2018-S2,0.0288,
ESTAT:NRG_PC_203$DEFAULTVIEW(1.0),01/02/23 23:00:00,S,4100,4142903,KWH,X_TAX,EUR,DK,2019-S1,0.0243,
ESTAT:NRG_PC_203$DEFAULTVIEW(1.0),01/02/23 23:00:00,S,4100,4142903,KWH,X_TAX,EUR,DK,2019-S2,0.0207,
ESTAT:NRG_PC_203$DEFAULTVIEW(1.0),01/02/23 23:00:00,S,4100,4142903,KWH,X_TAX,EUR,DK,2020-S1,0.0168,
ESTAT:NRG_PC_203$DEFAULTVIEW(1.0),01/02/23 23:00:00,S,4100,4142903,KWH,X_TAX,EUR,DK,2020-S2,0.0199,
ESTAT:NRG_PC_203$DEFAULTVIEW(1.0),01/02/23 23:00:00,S,4100,4142903,KWH,X_TAX,EUR,DK,2021-S1,0.0250,
ESTAT:NRG_PC_203$DEFAULTVIEW(1.0),01/02/23 23:00:00,S,4100,4142903,KWH,X_TAX,EUR,DK,2021-S2,0.0702,
ESTAT:NRG_PC_203$DEFAULTVIEW(1.0),01/02/23 23:00:00,S,4100,4142903,KWH,X_TAX,EUR,DK,2022-S1,0.0972,
ESTAT:NRG_PC_203$DEFAULTVIEW(1.0),01/02/23 23:00:00,S,4100,4142903,KWH,X_TAX,EUR,EA,2017-S2,0.0257,
ESTAT:NRG_PC_203$DEFAULTVIEW(1.0),01/02/23 23:00:00,S,4100,4142903,KWH,X_TAX,EUR,EA,2018-S1,0.0266,
ESTAT:NRG_PC_203$DEFAULTVIEW(1.0),01/02/23 23:00:00,S,4100,4142903,KWH,X_TAX,EUR,EA,2018-S2,0.0280,
ESTAT:NRG_PC_203$DEFAULTVIEW(1.0),01/02/23 23:00:00,S,4100,4142903,KWH,X_TAX,EUR,EA,2019-S1,0.0280,
ESTAT:NRG_PC_203$DEFAULTVIEW(1.0),01/02/23 23:00:00,S,4100,4142903,KWH,X_TAX,EUR,EA,2019-S2,0.0263,
ESTAT:NRG_PC_203$DEFAULTVIEW(1.0),01/02/23 23:00:00,S,4100,4142903,KWH,X_TAX,EUR,EA,2020-S1,0.0247,
ESTAT:NRG_PC_203$DEFAULTVIEW(1.0),01/02/23 23:00:00,S,4100,4142903,KWH,X_TAX,EUR,EA,2020-S2,0.0237,
ESTAT:NRG_PC_203$DEFAULTVIEW(1.0),01/02/23 23:00:00,S,4100,4142903,KWH,X_TAX,EUR,EA,2021-S1,0.0236,
ESTAT:NRG_PC_203$DEFAULTVIEW(1.0),01/02/23 23:00:00,S,4100,4142903,KWH,X_TAX,EUR,EA,2021-S2,0.0354,
ESTAT:NRG_PC_203$DEFAULTVIEW(1.0),01/02/23 23:00:00,S,4100,4142903,KWH,X_TAX,EUR,EA,2022-S1,0.0565,
ESTAT:NRG_PC_203$DEFAULTVIEW(1.0),01/02/23 23:00:00,S,4100,4142903,KWH,X_TAX,EUR,EE,2017-S2,0.0239,
ESTAT:NRG_PC_203$DEFAULTVIEW(1.0),01/02/23 23:00:00,S,4100,4142903,KWH,X_TAX,EUR,EE,2018-S1,0.0258,
ESTAT:NRG_PC_203$DEFAULTVIEW(1.0),01/02/23 23:00:00,S,4100,4142903,KWH,X_TAX,EUR,EE,2018-S2,0.0277,
ESTAT:NRG_PC_203$DEFAULTVIEW(1.0),01/02/23 23:00:00,S,4100,4142903,KWH,X_TAX,EUR,EE,2019-S1,0.0288,
ESTAT:NRG_PC_203$DEFAULTVIEW(1.0),01/02/23 23:00:00,S,4100,4142903,KWH,X_TAX,EUR,EE,2019-S2,0.0278,
ESTAT:NRG_PC_203$DEFAULTVIEW(1.0),01/02/23 23:00:00,S,4100,4142903,KWH,X_TAX,EUR,EE,2020-S1,0.0236,
ESTAT:NRG_PC_203$DEFAULTVIEW(1.0),01/02/23 23:00:00,S,4100,4142903,KWH,X_TAX,EUR,EE,2020-S2,0.0219,
ESTAT:NRG_PC_203$DEFAULTVIEW(1.0),01/02/23 23:00:00,S,4100,4142903,KWH,X_TAX,EUR,EE,2021-S1,0.0280,
ESTAT:NRG_PC_203$DEFAULTVIEW(1.0),01/02/23 23:00:00,S,4100,4142903,KWH,X_TAX,EUR,EE,2021-S2,0.0633,
ESTAT:NRG_PC_203$DEFAULTVIEW(1.0),01/02/23 23:00:00,S,4100,4142903,KWH,X_TAX,EUR,EE,2022-S1,0.0977,
ESTAT:NRG_PC_203$DEFAULTVIEW(1.0),01/02/23 23:00:00,S,4100,4142903,KWH,X_TAX,EUR,EL,2017-S2,0.0236,
ESTAT:NRG_PC_203$DEFAULTVIEW(1.0),01/02/23 23:00:00,S,4100,4142903,KWH,X_TAX,EUR,EL,2018-S1,0.0259,e
ESTAT:NRG_PC_203$DEFAULTVIEW(1.0),01/02/23 23:00:00,S,4100,4142903,KWH,X_TAX,EUR,EL,2018-S2,0.0312,
ESTAT:NRG_PC_203$DEFAULTVIEW(1.0),01/02/23 23:00:00,S,4100,4142903,KWH,X_TAX,EUR,EL,2019-S1,0.0312,
ESTAT:NRG_PC_203$DEFAULTVIEW(1.0),01/02/23 23:00:00,S,4100,4142903,KWH,X_TAX,EUR,EL,2019-S2,0.0302,
ESTAT:NRG_PC_203$DEFAULTVIEW(1.0),01/02/23 23:00:00,S,4100,4142903,KWH,X_TAX,EUR,EL,2020-S1,0.0229,
ESTAT:NRG_PC_203$DEFAULTVIEW(1.0),01/02/23 23:00:00,S,4100,4142903,KWH,X_TAX,EUR,EL,2020-S2,0.0185,
ESTAT:NRG_PC_203$DEFAULTVIEW(1.0),01/02/23 23:00:00,S,4100,4142903,KWH,X_TAX,EUR,EL,2021-S1,0.0227,
ESTAT:NRG_PC_203$DEFAULTVIEW(1.0),01/02/23 23:00:00,S,4100,4142903,KWH,X_TAX,EUR,EL,2021-S2,0.0470,
ESTAT:NRG_PC_203$DEFAULTVIEW(1.0),01/02/23 23:00:00,S,4100,4142903,KWH,X_TAX,EUR,EL,2022-S1,0.0959,
ESTAT:NRG_PC_203$DEFAULTVIEW(1.0),01/02/23 23:00:00,S,4100,4142903,KWH,X_TAX,EUR,ES,2017-S2,0.0261,
ESTAT:NRG_PC_203$DEFAULTVIEW(1.0),01/02/23 23:00:00,S,4100,4142903,KWH,X_TAX,EUR,ES,2018-S1,0.0285,
ESTAT:NRG_PC_203$DEFAULTVIEW(1.0),01/02/23 23:00:00,S,4100,4142903,KWH,X_TAX,EUR,ES,2018-S2,0.0293,
ESTAT:NRG_PC_203$DEFAULTVIEW(1.0),01/02/23 23:00:00,S,4100,4142903,KWH,X_TAX,EUR,ES,2019-S1,0.0290,
ESTAT:NRG_PC_203$DEFAULTVIEW(1.0),01/02/23 23:00:00,S,4100,4142903,KWH,X_TAX,EUR,ES,2019-S2,0.0289,
ESTAT:NRG_PC_203$DEFAULTVIEW(1.0),01/02/23 23:00:00,S,4100,4142903,KWH,X_TAX,EUR,ES,2020-S1,0.0269,
ESTAT:NRG_PC_203$DEFAULTVIEW(1.0),01/02/23 23:00:00,S,4100,4142903,KWH,X_TAX,EUR,ES,2020-S2,0.0217,
ESTAT:NRG_PC_203$DEFAULTVIEW(1.0),01/02/23 23:00:00,S,4100,4142903,KWH,X_TAX,EUR,ES,2021-S1,0.0222,
ESTAT:NRG_PC_203$DEFAULTVIEW(1.0),01/02/23 23:00:00,S,4100,4142903,KWH,X_TAX,EUR,ES,2021-S2,0.0322,
ESTAT:NRG_PC_203$DEFAULTVIEW(1.0),01/02/23 23:00:00,S,4100,4142903,KWH,X_TAX,EUR,ES,2022-S1,0.0714,
ESTAT:NRG_PC_203$DEFAULTVIEW(1.0),01/02/23 23:00:00,S,4100,4142903,KWH,X_TAX,EUR,EU27_2020,2017-S2,0.0256,
ESTAT:NRG_PC_203$DEFAULTVIEW(1.0),01/02/23 23:00:00,S,4100,4142903,KWH,X_TAX,EUR,EU27_2020,2018-S1,0.0266,
ESTAT:NRG_PC_203$DEFAULTVIEW(1.0),01/02/23 23:00:00,S,4100,4142903,KWH,X_TAX,EUR,EU27_2020,2018-S2,0.0280,
ESTAT:NRG_PC_203$DEFAULTVIEW(1.0),01/02/23 23:00:00,S,4100,4142903,KWH,X_TAX,EUR,EU27_2020,2019-S1,0.0284,
ESTAT:NRG_PC_203$DEFAULTVIEW(1.0),01/02/23 23:00:00,S,4100,4142903,KWH,X_TAX,EUR,EU27_2020,2019-S2,0.0267,
ESTAT:NRG_PC_203$DEFAULTVIEW(1.0),01/02/23 23:00:00,S,4100,4142903,KWH,X_TAX,EUR,EU27_2020,2020-S1,0.0250,
ESTAT:NRG_PC_203$DEFAULTVIEW(1.0),01/02/23 23:00:00,S,4100,4142903,KWH,X_TAX,EUR,EU27_2020,2020-S2,0.0238,
ESTAT:NRG_PC_203$DEFAULTVIEW(1.0),01/02/23 23:00:00,S,4100,4142903,KWH,X_TAX,EUR,EU27_2020,2021-S1,0.0238,
ESTAT:NRG_PC_203$DEFAULTVIEW(1.0),01/02/23 23:00:00,S,4100,4142903,KWH,X_TAX,EUR,EU27_2020,2021-S2,0.0365,
ESTAT:NRG_PC_203$DEFAULTVIEW(1.0),01/02/23 23:00:00,S,4100,4142903,KWH,X_TAX,EUR,EU27_2020,2022-S1,0.0590,
ESTAT:NRG_PC_203$DEFAULTVIEW(1.0),01/02/23 23:00:00,S,4100,4142903,KWH,X_TAX,EUR,FI,2017-S2,0.0365,
ESTAT:NRG_PC_203$DEFAULTVIEW(1.0),01/02/23 23:00:00,S,4100,4142903,KWH,X_TAX,EUR,FI,2018-S1,0.0382,
ESTAT:NRG_PC_203$DEFAULTVIEW(1.0),01/02/23 23:00:00,S,4100,4142903,KWH,X_TAX,EUR,FI,2018-S2,0.0407,
ESTAT:NRG_PC_203$DEFAULTVIEW(1.0),01/02/23 23:00:00,S,4100,4142903,KWH,X_TAX,EUR,FI,2019-S1,0.0441,
ESTAT:NRG_PC_203$DEFAULTVIEW(1.0),01/02/23 23:00:00,S,4100,4142903,KWH,X_TAX,EUR,FI,2019-S2,0.0369,
ESTAT:NRG_PC_203$DEFAULTVIEW(1.0),01/02/23 23:00:00,S,4100,4142903,KWH,X_TAX,EUR,FI,2020-S1,0.0326,
ESTAT:NRG_PC_203$DEFAULTVIEW(1.0),01/02/23 23:00:00,S,4100,4142903,KWH,X_TAX,EUR,FI,2020-S2,0.0304,
ESTAT:NRG_PC_203$DEFAULTVIEW(1.0),01/02/23 23:00:00,S,4100,4142903,KWH,X_TAX,EUR,FI,2021-S1,0.0389,
ESTAT:NRG_PC_203$DEFAULTVIEW(1.0),01/02/23 23:00:00,S,4100,4142903,KWH,X_TAX,EUR,FI,2021-S2,0.0798,
ESTAT:NRG_PC_203$DEFAULTVIEW(1.0),01/02/23 23:00:00,S,4100,4142903,KWH,X_TAX,EUR,FI,2022-S1,0.1160,
ESTAT:NRG_PC_203$DEFAULTVIEW(1.0),01/02/23 23:00:00,S,4100,4142903,KWH,X_TAX,EUR,FR,2017-S2,0.0288,
ESTAT:NRG_PC_203$DEFAULTVIEW(1.0),01/02/23 23:00:00,S,4100,4142903,KWH,X_TAX,EUR,FR,2018-S1,0.0281,
ESTAT:NRG_PC_203$DEFAULTVIEW(1.0),01/02/23 23:00:00,S,4100,4142903,KWH,X_TAX,EUR,FR,2018-S2,0.0315,
ESTAT:NRG_PC_203$DEFAULTVIEW(1.0),01/02/23 23:00:00,S,4100,4142903,KWH,X_TAX,EUR,FR,2019-S1,0.0306,
ESTAT:NRG_PC_203$DEFAULTVIEW(1.0),01/02/23 23:00:00,S,4100,4142903,KWH,X_TAX,EUR,FR,2019-S2,0.0298,
ESTAT:NRG_PC_203$DEFAULTVIEW(1.0),01/02/23 23:00:00,S,4100,4142903,KWH,X_TAX,EUR,FR,2020-S1,0.0268,
ESTAT:NRG_PC_203$DEFAULTVIEW(1.0),01/02/23 23:00:00,S,4100,4142903,KWH,X_TAX,EUR,FR,2020-S2,0.0280,
ESTAT:NRG_PC_203$DEFAULTVIEW(1.0),01/02/23 23:00:00,S,4100,4142903,KWH,X_TAX,EUR,FR,2021-S1,0.0271,
ESTAT:NRG_PC_203$DEFAULTVIEW(1.0),01/02/23 23:00:00,S,4100,4142903,KWH,X_TAX,EUR,FR,2021-S2,0.0432,
ESTAT:NRG_PC_203$DEFAULTVIEW(1.0),01/02/23 23:00:00,S,4100,4142903,KWH,X_TAX,EUR,FR,2022-S1,0.0541,
ESTAT:NRG_PC_203$DEFAULTVIEW(1.0),01/02/23 23:00:00,S,4100,4142903,KWH,X_TAX,EUR,GE,2018-S1,0.0213,
ESTAT:NRG_PC_203$DEFAULTVIEW(1.0),01/02/23 23:00:00,S,4100,4142903,KWH,X_TAX,EUR,GE,2018-S2,0.0221,
ESTAT:NRG_PC_203$DEFAULTVIEW(1.0),01/02/23 23:00:00,S,4100,4142903,KWH,X_TAX,EUR,GE,2019-S1,0.0230,
ESTAT:NRG_PC_203$DEFAULTVIEW(1.0),01/02/23 23:00:00,S,4100,4142903,KWH,X_TAX,EUR,GE,2019-S2,0.0227,
ESTAT:NRG_PC_203$DEFAULTVIEW(1.0),01/02/23 23:00:00,S,4100,4142903,KWH,X_TAX,EUR,GE,2020-S1,0.0212,
ESTAT:NRG_PC_203$DEFAULTVIEW(1.0),01/02/23 23:00:00,S,4100,4142903,KWH,X_TAX,EUR,GE,2020-S2,0.0178,
ESTAT:NRG_PC_203$DEFAULTVIEW(1.0),01/02/23 23:00:00,S,4100,4142903,KWH,X_TAX,EUR,GE,2021-S1,0.0172,
ESTAT:NRG_PC_203$DEFAULTVIEW(1.0),01/02/23 23:00:00,S,4100,4142903,KWH,X_TAX,EUR,GE,2021-S2,0.0189,
ESTAT:NRG_PC_203$DEFAULTVIEW(1.0),01/02/23 23:00:00,S,4100,4142903,KWH,X_TAX,EUR,GE,2022-S1,0.0232,
ESTAT:NRG_PC_203$DEFAULTVIEW(1.0),01/02/23 23:00:00,S,4100,4142903,KWH,X_TAX,EUR,HR,2017-S2,0.0243,
ESTAT:NRG_PC_203$DEFAULTVIEW(1.0),01/02/23 23:00:00,S,4100,4142903,KWH,X_TAX,EUR,HR,2018-S1,0.0251,
ESTAT:NRG_PC_203$DEFAULTVIEW(1.0),01/02/23 23:00:00,S,4100,4142903,KWH,X_TAX,EUR,HR,2018-S2,0.0278,
ESTAT:NRG_PC_203$DEFAULTVIEW(1.0),01/02/23 23:00:00,S,4100,4142903,KWH,X_TAX,EUR,HR,2019-S1,0.0293,
ESTAT:NRG_PC_203$DEFAULTVIEW(1.0),01/02/23 23:00:00,S,4100,4142903,KWH,X_TAX,EUR,HR,2019-S2,0.0287,
ESTAT:NRG_PC_203$DEFAULTVIEW(1.0),01/02/23 23:00:00,S,4100,4142903,KWH,X_TAX,EUR,HR,2020-S1,0.0270,
ESTAT:NRG_PC_203$DEFAULTVIEW(1.0),01/02/23 23:00:00,S,4100,4142903,KWH,X_TAX,EUR,HR,2020-S2,0.0257,
ESTAT:NRG_PC_203$DEFAULTVIEW(1.0),01/02/23 23:00:00,S,4100,4142903,KWH,X_TAX,EUR,HR,2021-S1,0.0275,
ESTAT:NRG_PC_203$DEFAULTVIEW(1.0),01/02/23 23:00:00,S,4100,4142903,KWH,X_TAX,EUR,HR,2021-S2,0.0364,
ESTAT:NRG_PC_203$DEFAULTVIEW(1.0),01/02/23 23:00:00,S,4100,4142903,KWH,X_TAX,EUR,HR,2022-S1,0.0542,
ESTAT:NRG_PC_203$DEFAULTVIEW(1.0),01/02/23 23:00:00,S,4100,4142903,KWH,X_TAX,EUR,HU,2017-S2,0.0229,
ESTAT:NRG_PC_203$DEFAULTVIEW(1.0),01/02/23 23:00:00,S,4100,4142903,KWH,X_TAX,EUR,HU,2018-S1,0.0226,
ESTAT:NRG_PC_203$DEFAULTVIEW(1.0),01/02/23 23:00:00,S,4100,4142903,KWH,X_TAX,EUR,HU,2018-S2,0.0270,
ESTAT:NRG_PC_203$DEFAULTVIEW(1.0),01/02/23 23:00:00,S,4100,4142903,KWH,X_TAX,EUR,HU,2019-S1,0.0272,
ESTAT:NRG_PC_203$DEFAULTVIEW(1.0),01/02/23 23:00:00,S,4100,4142903,KWH,X_TAX,EUR,HU,2019-S2,0.0255,
ESTAT:NRG_PC_203$DEFAULTVIEW(1.0),01/02/23 23:00:00,S,4100,4142903,KWH,X_TAX,EUR,HU,2020-S1,0.0248,
ESTAT:NRG_PC_203$DEFAULTVIEW(1.0),01/02/23 23:00:00,S,4100,4142903,KWH,X_TAX,EUR,HU,2020-S2,0.0205,
ESTAT:NRG_PC_203$DEFAULTVIEW(1.0),01/02/23 23:00:00,S,4100,4142903,KWH,X_TAX,EUR,HU,2021-S1,0.0208,
ESTAT:NRG_PC_203$DEFAULTVIEW(1.0),01/02/23 23:00:00,S,4100,4142903,KWH,X_TAX,EUR,HU,2021-S2,0.0441,
ESTAT:NRG_PC_203$DEFAULTVIEW(1.0),01/02/23 23:00:00,S,4100,4142903,KWH,X_TAX,EUR,HU,2022-S1,0.0558,
ESTAT:NRG_PC_203$DEFAULTVIEW(1.0),01/02/23 23:00:00,S,4100,4142903,KWH,X_TAX,EUR,IE,2017-S2,0.0290,
ESTAT:NRG_PC_203$DEFAULTVIEW(1.0),01/02/23 23:00:00,S,4100,4142903,KWH,X_TAX,EUR,IE,2018-S1,0.0306,
ESTAT:NRG_PC_203$DEFAULTVIEW(1.0),01/02/23 23:00:00,S,4100,4142903,KWH,X_TAX,EUR,IE,2018-S2,0.0352,
ESTAT:NRG_PC_203$DEFAULTVIEW(1.0),01/02/23 23:00:00,S,4100,4142903,KWH,X_TAX,EUR,IE,2019-S1,0.0311,
ESTAT:NRG_PC_203$DEFAULTVIEW(1.0),01/02/23 23:00:00,S,4100,4142903,KWH,X_TAX,EUR,IE,2019-S2,0.0287,
ESTAT:NRG_PC_203$DEFAULTVIEW(1.0),01/02/23 23:00:00,S,4100,4142903,KWH,X_TAX,EUR,IE,2020-S1,0.0249,
ESTAT:NRG_PC_203$DEFAULTVIEW(1.0),01/02/23 23:00:00,S,4100,4142903,KWH,X_TAX,EUR,IE,2020-S2,0.0269,
ESTAT:NRG_PC_203$DEFAULTVIEW(1.0),01/02/23 23:00:00,S,4100,4142903,KWH,X_TAX,EUR,IE,2021-S1,0.0288,
ESTAT:NRG_PC_203$DEFAULTVIEW(1.0),01/02/23 23:00:00,S,4100,4142903,KWH,X_TAX,EUR,IE,2021-S2,0.0508,
ESTAT:NRG_PC_203$DEFAULTVIEW(1.0),01/02/23 23:00:00,S,4100,4142903,KWH,X_TAX,EUR,IE,2022-S1,0.0613,
ESTAT:NRG_PC_203$DEFAULTVIEW(1.0),01/02/23 23:00:00,S,4100,4142903,KWH,X_TAX,EUR,IT,2017-S2,0.0237,
ESTAT:NRG_PC_203$DEFAULTVIEW(1.0),01/02/23 23:00:00,S,4100,4142903,KWH,X_TAX,EUR,IT,2018-S1,0.0263,
ESTAT:NRG_PC_203$DEFAULTVIEW(1.0),01/02/23 23:00:00,S,4100,4142903,KWH,X_TAX,EUR,IT,2018-S2,0.0277,
ESTAT:NRG_PC_203$DEFAULTVIEW(1.0),01/02/23 23:00:00,S,4100,4142903,KWH,X_TAX,EUR,IT,2019-S1,0.0298,
ESTAT:NRG_PC_203$DEFAULTVIEW(1.0),01/02/23 23:00:00,S,4100,4142903,KWH,X_TAX,EUR,IT,2019-S2,0.0264,
ESTAT:NRG_PC_203$DEFAULTVIEW(1.0),01/02/23 23:00:00,S,4100,4142903,KWH,X_TAX,EUR,IT,2020-S1,0.0261,
ESTAT:NRG_PC_203$DEFAULTVIEW(1.0),01/02/23 23:00:00,S,4100,4142903,KWH,X_TAX,EUR,IT,2020-S2,0.0228,
ESTAT:NRG_PC_203$DEFAULTVIEW(1.0),01/02/23 23:00:00,S,4100,4142903,KWH,X_TAX,EUR,IT,2021-S1,0.0227,
ESTAT:NRG_PC_203$DEFAULTVIEW(1.0),01/02/23 23:00:00,S,4100,4142903,KWH,X_TAX,EUR,IT,2021-S2,0.0374,
ESTAT:NRG_PC_203$DEFAULTVIEW(1.0),01/02/23 23:00:00,S,4100,4142903,KWH,X_TAX,EUR,IT,2022-S1,0.0707,
ESTAT:NRG_PC_203$DEFAULTVIEW(1.0),01/02/23 23:00:00,S,4100,4142903,KWH,X_TAX,EUR,LI,2017-S2,0.0351,
ESTAT:NRG_PC_203$DEFAULTVIEW(1.0),01/02/23 23:00:00,S,4100,4142903,KWH,X_TAX,EUR,LI,2018-S1,0.0341,
ESTAT:NRG_PC_203$DEFAULTVIEW(1.0),01/02/23 23:00:00,S,4100,4142903,KWH,X_TAX,EUR,LI,2018-S2,0.0443,
ESTAT:NRG_PC_203$DEFAULTVIEW(1.0),01/02/23 23:00:00,S,4100,4142903,KWH,X_TAX,EUR,LI,2019-S1,0.0379,
ESTAT:NRG_PC_203$DEFAULTVIEW(1.0),01/02/23 23:00:00,S,4100,4142903,KWH,X_TAX,EUR,LI,2019-S2,0.0376,
ESTAT:NRG_PC_203$DEFAULTVIEW(1.0),01/02/23 23:00:00,S,4100,4142903,KWH,X_TAX,EUR,LI,2020-S1,0.0400,
ESTAT:NRG_PC_203$DEFAULTVIEW(1.0),01/02/23 23:00:00,S,4100,4142903,KWH,X_TAX,EUR,LI,2020-S2,0.0366,
ESTAT:NRG_PC_203$DEFAULTVIEW(1.0),01/02/23 23:00:00,S,4100,4142903,KWH,X_TAX,EUR,LI,2021-S1,0.0350,
ESTAT:NRG_PC_203$DEFAULTVIEW(1.0),01/02/23 23:00:00,S,4100,4142903,KWH,X_TAX,EUR,LI,2021-S2,0.0353,
ESTAT:NRG_PC_203$DEFAULTVIEW(1.0),01/02/23 23:00:00,S,4100,4142903,KWH,X_TAX,EUR,LI,2022-S1,0.0783,
ESTAT:NRG_PC_203$DEFAULTVIEW(1.0),01/02/23 23:00:00,S,4100,4142903,KWH,X_TAX,EUR,LT,2017-S2,0.0282,
ESTAT:NRG_PC_203$DEFAULTVIEW(1.0),01/02/23 23:00:00,S,4100,4142903,KWH,X_TAX,EUR,LT,2018-S1,0.0287,
ESTAT:NRG_PC_203$DEFAULTVIEW(1.0),01/02/23 23:00:00,S,4100,4142903,KWH,X_TAX,EUR,LT,2018-S2,0.0342,
ESTAT:NRG_PC_203$DEFAULTVIEW(1.0),01/02/23 23:00:00,S,4100,4142903,KWH,X_TAX,EUR,LT,2019-S1,0.0281,
ESTAT:NRG_PC_203$DEFAULTVIEW(1.0),01/02/23 23:00:00,S,4100,4142903,KWH,X_TAX,EUR,LT,2019-S2,0.0224,
ESTAT:NRG_PC_203$DEFAULTVIEW(1.0),01/02/23 23:00:00,S,4100,4142903,KWH,X_TAX,EUR,LT,2020-S1,0.0185,
ESTAT:NRG_PC_203$DEFAULTVIEW(1.0),01/02/23 23:00:00,S,4100,4142903,KWH,X_TAX,EUR,LT,2020-S2,0.0184,
ESTAT:NRG_PC_203$DEFAULTVIEW(1.0),01/02/23 23:00:00,S,4100,4142903,KWH,X_TAX,EUR,LT,2021-S1,0.0260,
ESTAT:NRG_PC_203$DEFAULTVIEW(1.0),01/02/23 23:00:00,S,4100,4142903,KWH,X_TAX,EUR,LT,2021-S2,0.0689,
ESTAT:NRG_PC_203$DEFAULTVIEW(1.0),01/02/23 23:00:00,S,4100,4142903,KWH,X_TAX,EUR,LT,2022-S1,0.1043,
ESTAT:NRG_PC_203$DEFAULTVIEW(1.0),01/02/23 23:00:00,S,4100,4142903,KWH,X_TAX,EUR,LU,2017-S2,0.0310,
ESTAT:NRG_PC_203$DEFAULTVIEW(1.0),01/02/23 23:00:00,S,4100,4142903,KWH,X_TAX,EUR,LU,2018-S1,0.0315,
ESTAT:NRG_PC_203$DEFAULTVIEW(1.0),01/02/23 23:00:00,S,4100,4142903,KWH,X_TAX,EUR,LU,2018-S2,0.0328,
ESTAT:NRG_PC_203$DEFAULTVIEW(1.0),01/02/23 23:00:00,S,4100,4142903,KWH,X_TAX,EUR,LU,2019-S1,0.0330,
ESTAT:NRG_PC_203$DEFAULTVIEW(1.0),01/02/23 23:00:00,S,4100,4142903,KWH,X_TAX,EUR,LU,2019-S2,0.0282,
ESTAT:NRG_PC_203$DEFAULTVIEW(1.0),01/02/23 23:00:00,S,4100,4142903,KWH,X_TAX,EUR,LU,2020-S1,0.0299,
ESTAT:NRG_PC_203$DEFAULTVIEW(1.0),01/02/23 23:00:00,S,4100,4142903,KWH,X_TAX,EUR,LU,2020-S2,0.0280,
ESTAT:NRG_PC_203$DEFAULTVIEW(1.0),01/02/23 23:00:00,S,4100,4142903,KWH,X_TAX,EUR,LU,2021-S1,0.0277,
ESTAT:NRG_PC_203$DEFAULTVIEW(1.0),01/02/23 23:00:00,S,4100,4142903,KWH,X_TAX,EUR,LU,2021-S2,0.0420,
ESTAT:NRG_PC_203$DEFAULTVIEW(1.0),01/02/23 23:00:00,S,4100,4142903,KWH,X_TAX,EUR,LU,2022-S1,0.0737,
ESTAT:NRG_PC_203$DEFAULTVIEW(1.0),01/02/23 23:00:00,S,4100,4142903,KWH,X_TAX,EUR,LV,2017-S2,0.0273,
ESTAT:NRG_PC_203$DEFAULTVIEW(1.0),01/02/23 23:00:00,S,4100,4142903,KWH,X_TAX,EUR,LV,2018-S1,0.0286,
ESTAT:NRG_PC_203$DEFAULTVIEW(1.0),01/02/23 23:00:00,S,4100,4142903,KWH,X_TAX,EUR,LV,2018-S2,0.0312,
ESTAT:NRG_PC_203$DEFAULTVIEW(1.0),01/02/23 23:00:00,S,4100,4142903,KWH,X_TAX,EUR,LV,2019-S1,0.0299,
ESTAT:NRG_PC_203$DEFAULTVIEW(1.0),01/02/23 23:00:00,S,4100,4142903,KWH,X_TAX,EUR,LV,2019-S2,0.0268,
ESTAT:NRG_PC_203$DEFAULTVIEW(1.0),01/02/23 23:00:00,S,4100,4142903,KWH,X_TAX,EUR,LV,2020-S1,0.0245,
ESTAT:NRG_PC_203$DEFAULTVIEW(1.0),01/02/23 23:00:00,S,4100,4142903,KWH,X_TAX,EUR,LV,2020-S2,0.0201,
ESTAT:NRG_PC_203$DEFAULTVIEW(1.0),01/02/23 23:00:00,S,4100,4142903,KWH,X_TAX,EUR,LV,2021-S1,0.0219,
ESTAT:NRG_PC_203$DEFAULTVIEW(1.0),01/02/23 23:00:00,S,4100,4142903,KWH,X_TAX,EUR,LV,2021-S2,0.0440,
ESTAT:NRG_PC_203$DEFAULTVIEW(1.0),01/02/23 23:00:00,S,4100,4142903,KWH,X_TAX,EUR,LV,2022-S1,0.0699,
ESTAT:NRG_PC_203$DEFAULTVIEW(1.0),01/02/23 23:00:00,S,4100,4142903,KWH,X_TAX,EUR,MD,2017-S2,0.0265,
ESTAT:NRG_PC_203$DEFAULTVIEW(1.0),01/02/23 23:00:00,S,4100,4142903,KWH,X_TAX,EUR,MD,2018-S1,0.0242,
ESTAT:NRG_PC_203$DEFAULTVIEW(1.0),01/02/23 23:00:00,S,4100,4142903,KWH,X_TAX,EUR,MD,2018-S2,0.0242,
ESTAT:NRG_PC_203$DEFAULTVIEW(1.0),01/02/23 23:00:00,S,4100,4142903,KWH,X_TAX,EUR,MD,2019-S1,0.0265,
ESTAT:NRG_PC_203$DEFAULTVIEW(1.0),01/02/23 23:00:00,S,4100,4142903,KWH,X_TAX,EUR,MD,2019-S2,0.0267,
ESTAT:NRG_PC_203$DEFAULTVIEW(1.0),01/02/23 23:00:00,S,4100,4142903,KWH,X_TAX,EUR,MD,2020-S1,0.0266,
ESTAT:NRG_PC_203$DEFAULTVIEW(1.0),01/02/23 23:00:00,S,4100,4142903,KWH,X_TAX,EUR,MD,2020-S2,0.0252,
ESTAT:NRG_PC_203$DEFAULTVIEW(1.0),01/02/23 23:00:00,S,4100,4142903,KWH,X_TAX,EUR,MD,2021-S1,0.0186,
ESTAT:NRG_PC_203$DEFAULTVIEW(1.0),01/02/23 23:00:00,S,4100,4142903,KWH,X_TAX,EUR,MD,2021-S2,0.0335,
ESTAT:NRG_PC_203$DEFAULTVIEW(1.0),01/02/23 23:00:00,S,4100,4142903,KWH,X_TAX,EUR,MD,2022-S1,0.0758,
ESTAT:NRG_PC_203$DEFAULTVIEW(1.0),01/02/23 23:00:00,S,4100,4142903,KWH,X_TAX,EUR,MK,2017-S2,0.0261,
ESTAT:NRG_PC_203$DEFAULTVIEW(1.0),01/02/23 23:00:00,S,4100,4142903,KWH,X_TAX,EUR,MK,2018-S1,0.0270,
ESTAT:NRG_PC_203$DEFAULTVIEW(1.0),01/02/23 23:00:00,S,4100,4142903,KWH,X_TAX,EUR,MK,2018-S2,0.0328,
ESTAT:NRG_PC_203$DEFAULTVIEW(1.0),01/02/23 23:00:00,S,4100,4142903,KWH,X_TAX,EUR,MK,2019-S1,0.0323,
ESTAT:NRG_PC_203$DEFAULTVIEW(1.0),01/02/23 23:00:00,S,4100,4142903,KWH,X_TAX,EUR,MK,2019-S2,0.0317,
ESTAT:NRG_PC_203$DEFAULTVIEW(1.0),01/02/23 23:00:00,S,4100,4142903,KWH,X_TAX,EUR,MK,2020-S1,0.0244,
ESTAT:NRG_PC_203$DEFAULTVIEW(1.0),01/02/23 23:00:00,S,4100,4142903,KWH,X_TAX,EUR,MK,2020-S2,0.0244,
ESTAT:NRG_PC_203$DEFAULTVIEW(1.0),01/02/23 23:00:00,S,4100,4142903,KWH,X_TAX,EUR,MK,2021-S1,0.0236,
ESTAT:NRG_PC_203$DEFAULTVIEW(1.0),01/02/23 23:00:00,S,4100,4142903,KWH,X_TAX,EUR,MK,2021-S2,0.0309,
ESTAT:NRG_PC_203$DEFAULTVIEW(1.0),01/02/23 23:00:00,S,4100,4142903,KWH,X_TAX,EUR,MK,2022-S1,0.0906,
ESTAT:NRG_PC_203$DEFAULTVIEW(1.0),01/02/23 23:00:00,S,4100,4142903,KWH,X_TAX,EUR,NL,2017-S2,0.0214,
ESTAT:NRG_PC_203$DEFAULTVIEW(1.0),01/02/23 23:00:00,S,4100,4142903,KWH,X_TAX,EUR,NL,2018-S1,0.0219,
ESTAT:NRG_PC_203$DEFAULTVIEW(1.0),01/02/23 23:00:00,S,4100,4142903,KWH,X_TAX,EUR,NL,2018-S2,0.0234,
ESTAT:NRG_PC_203$DEFAULTVIEW(1.0),01/02/23 23:00:00,S,4100,4142903,KWH,X_TAX,EUR,NL,2019-S1,0.0223,
ESTAT:NRG_PC_203$DEFAULTVIEW(1.0),01/02/23 23:00:00,S,4100,4142903,KWH,X_TAX,EUR,NL,2019-S2,0.0213,
ESTAT:NRG_PC_203$DEFAULTVIEW(1.0),01/02/23 23:00:00,S,4100,4142903,KWH,X_TAX,EUR,NL,2020-S1,0.0192,
ESTAT:NRG_PC_203$DEFAULTVIEW(1.0),01/02/23 23:00:00,S,4100,4142903,KWH,X_TAX,EUR,NL,2020-S2,0.0192,
ESTAT:NRG_PC_203$DEFAULTVIEW(1.0),01/02/23 23:00:00,S,4100,4142903,KWH,X_TAX,EUR,NL,2021-S1,0.0207,
ESTAT:NRG_PC_203$DEFAULTVIEW(1.0),01/02/23 23:00:00,S,4100,4142903,KWH,X_TAX,EUR,NL,2021-S2,0.0364,
ESTAT:NRG_PC_203$DEFAULTVIEW(1.0),01/02/23 23:00:00,S,4100,4142903,KWH,X_TAX,EUR,NL,2022-S1,0.0538,
ESTAT:NRG_PC_203$DEFAULTVIEW(1.0),01/02/23 23:00:00,S,4100,4142903,KWH,X_TAX,EUR,PL,2017-S2,0.0269,
ESTAT:NRG_PC_203$DEFAULTVIEW(1.0),01/02/23 23:00:00,S,4100,4142903,KWH,X_TAX,EUR,PL,2018-S1,0.0297,
ESTAT:NRG_PC_203$DEFAULTVIEW(1.0),01/02/23 23:00:00,S,4100,4142903,KWH,X_TAX,EUR,PL,2018-S2,0.0304,
ESTAT:NRG_PC_203$DEFAULTVIEW(1.0),01/02/23 23:00:00,S,4100,4142903,KWH,X_TAX,EUR,PL,2019-S1,0.0337,
ESTAT:NRG_PC_203$DEFAULTVIEW(1.0),01/02/23 23:00:00,S,4100,4142903,KWH,X_TAX,EUR,PL,2019-S2,0.0327,
ESTAT:NRG_PC_203$DEFAULTVIEW(1.0),01/02/23 23:00:00,S,4100,4142903,KWH,X_TAX,EUR,PL,2020-S1,0.0288,
ESTAT:NRG_PC_203$DEFAULTVIEW(1.0),01/02/23 23:00:00,S,4100,4142903,KWH,X_TAX,EUR,PL,2020-S2,0.0282,
ESTAT:NRG_PC_203$DEFAULTVIEW(1.0),01/02/23 23:00:00,S,4100,4142903,KWH,X_TAX,EUR,PL,2021-S1,0.0271,
ESTAT:NRG_PC_203$DEFAULTVIEW(1.0),01/02/23 23:00:00,S,4100,4142903,KWH,X_TAX,EUR,PL,2021-S2,0.0402,
ESTAT:NRG_PC_203$DEFAULTVIEW(1.0),01/02/23 23:00:00,S,4100,4142903,KWH,X_TAX,EUR,PL,2022-S1,0.0740,
ESTAT:NRG_PC_203$DEFAULTVIEW(1.0),01/02/23 23:00:00,S,4100,4142903,KWH,X_TAX,EUR,PT,2017-S2,0.0263,
ESTAT:NRG_PC_203$DEFAULTVIEW(1.0),01/02/23 23:00:00,S,4100,4142903,KWH,X_TAX,EUR,PT,2018-S1,0.0267,
ESTAT:NRG_PC_203$DEFAULTVIEW(1.0),01/02/23 23:00:00,S,4100,4142903,KWH,X_TAX,EUR,PT,2018-S2,0.0288,
ESTAT:NRG_PC_203$DEFAULTVIEW(1.0),01/02/23 23:00:00,S,4100,4142903,KWH,X_TAX,EUR,PT,2019-S1,0.0311,
ESTAT:NRG_PC_203$DEFAULTVIEW(1.0),01/02/23 23:00:00,S,4100,4142903,KWH,X_TAX,EUR,PT,2019-S2,0.0298,
ESTAT:NRG_PC_203$DEFAULTVIEW(1.0),01/02/23 23:00:00,S,4100,4142903,KWH,X_TAX,EUR,PT,2020-S1,0.0263,
ESTAT:NRG_PC_203$DEFAULTVIEW(1.0),01/02/23 23:00:00,S,4100,4142903,KWH,X_TAX,EUR,PT,2020-S2,0.0225,
ESTAT:NRG_PC_203$DEFAULTVIEW(1.0),01/02/23 23:00:00,S,4100,4142903,KWH,X_TAX,EUR,PT,2021-S1,0.0227,
ESTAT:NRG_PC_203$DEFAULTVIEW(1.0),01/02/23 23:00:00,S,4100,4142903,KWH,X_TAX,EUR,PT,2021-S2,0.0321,
ESTAT:NRG_PC_203$DEFAULTVIEW(1.0),01/02/23 23:00:00,S,4100,4142903,KWH,X_TAX,EUR,PT,2022-S1,0.0672,
ESTAT:NRG_PC_203$DEFAULTVIEW(1.0),01/02/23 23:00:00,S,4100,4142903,KWH,X_TAX,EUR,RO,2017-S2,0.0256,e
ESTAT:NRG_PC_203$DEFAULTVIEW(1.0),01/02/23 23:00:00,S,4100,4142903,KWH,X_TAX,EUR,RO,2018-S1,0.0259,e
ESTAT:NRG_PC_203$DEFAULTVIEW(1.0),01/02/23 23:00:00,S,4100,4142903,KWH,X_TAX,EUR,RO,2018-S2,0.0281,e
ESTAT:NRG_PC_203$DEFAULTVIEW(1.0),01/02/23 23:00:00,S,4100,4142903,KWH,X_TAX,EUR,RO,2019-S1,0.0310,e
ESTAT:NRG_PC_203$DEFAULTVIEW(1.0),01/02/23 23:00:00,S,4100,4142903,KWH,X_TAX,EUR,RO,2019-S2,0.0309,e
ESTAT:NRG_PC_203$DEFAULTVIEW(1.0),01/02/23 23:00:00,S,4100,4142903,KWH,X_TAX,EUR,RO,2020-S1,0.0294,e
ESTAT:NRG_PC_203$DEFAULTVIEW(1.0),01/02/23 23:00:00,S,4100,4142903,KWH,X_TAX,EUR,RO,2020-S2,0.0238,
ESTAT:NRG_PC_203$DEFAULTVIEW(1.0),01/02/23 23:00:00,S,4100,4142903,KWH,X_TAX,EUR,RO,2021-S1,0.0235,e
ESTAT:NRG_PC_203$DEFAULTVIEW(1.0),01/02/23 23:00:00,S,4100,4142903,KWH,X_TAX,EUR,RO,2021-S2,0.0431,e
ESTAT:NRG_PC_203$DEFAULTVIEW(1.0),01/02/23 23:00:00,S,4100,4142903,KWH,X_TAX,EUR,RO,2022-S1,0.0829,e
ESTAT:NRG_PC_203$DEFAULTVIEW(1.0),01/02/23 23:00:00,S,4100,4142903,KWH,X_TAX,EUR,RS,2017-S2,0.0309,
ESTAT:NRG_PC_203$DEFAULTVIEW(1.0),01/02/23 23:00:00,S,4100,4142903,KWH,X_TAX,EUR,RS,2018-S1,0.0321,
ESTAT:NRG_PC_203$DEFAULTVIEW(1.0),01/02/23 23:00:00,S,4100,4142903,KWH,X_TAX,EUR,RS,2018-S2,0.0376,
ESTAT:NRG_PC_203$DEFAULTVIEW(1.0),01/02/23 23:00:00,S,4100,4142903,KWH,X_TAX,EUR,RS,2019-S1,0.0390,
ESTAT:NRG_PC_203$DEFAULTVIEW(1.0),01/02/23 23:00:00,S,4100,4142903,KWH,X_TAX,EUR,RS,2019-S2,0.0386,
ESTAT:NRG_PC_203$DEFAULTVIEW(1.0),01/02/23 23:00:00,S,4100,4142903,KWH,X_TAX,EUR,RS,2020-S1,0.0363,
ESTAT:NRG_PC_203$DEFAULTVIEW(1.0),01/02/23 23:00:00,S,4100,4142903,KWH,X_TAX,EUR,RS,2020-S2,0.0279,
ESTAT:NRG_PC_203$DEFAULTVIEW(1.0),01/02/23 23:00:00,S,4100,4142903,KWH,X_TAX,EUR,RS,2021-S1,0.0285,
ESTAT:NRG_PC_203$DEFAULTVIEW(1.0),01/02/23 23:00:00,S,4100,4142903,KWH,X_TAX,EUR,RS,2021-S2,0.0349,
ESTAT:NRG_PC_203$DEFAULTVIEW(1.0),01/02/23 23:00:00,S,4100,4142903,KWH,X_TAX,EUR,RS,2022-S1,0.0368,
ESTAT:NRG_PC_203$DEFAULTVIEW(1.0),01/02/23 23:00:00,S,4100,4142903,KWH,X_TAX,EUR,SE,2017-S2,0.0380,
ESTAT:NRG_PC_203$DEFAULTVIEW(1.0),01/02/23 23:00:00,S,4100,4142903,KWH,X_TAX,EUR,SE,2018-S1,0.0398,
ESTAT:NRG_PC_203$DEFAULTVIEW(1.0),01/02/23 23:00:00,S,4100,4142903,KWH,X_TAX,EUR,SE,2018-S2,0.0399,
ESTAT:NRG_PC_203$DEFAULTVIEW(1.0),01/02/23 23:00:00,S,4100,4142903,KWH,X_TAX,EUR,SE,2019-S1,0.0315,
ESTAT:NRG_PC_203$DEFAULTVIEW(1.0),01/02/23 23:00:00,S,4100,4142903,KWH,X_TAX,EUR,SE,2019-S2,0.0276,
ESTAT:NRG_PC_203$DEFAULTVIEW(1.0),01/02/23 23:00:00,S,4100,4142903,KWH,X_TAX,EUR,SE,2020-S1,0.0311,e
ESTAT:NRG_PC_203$DEFAULTVIEW(1.0),01/02/23 23:00:00,S,4100,4142903,KWH,X_TAX,EUR,SE,2020-S2,0.0273,e
ESTAT:NRG_PC_203$DEFAULTVIEW(1.0),01/02/23 23:00:00,S,4100,4142903,KWH,X_TAX,EUR,SE,2021-S1,0.0447,e
ESTAT:NRG_PC_203$DEFAULTVIEW(1.0),01/02/23 23:00:00,S,4100,4142903,KWH,X_TAX,EUR,SE,2021-S2,0.0793,e
ESTAT:NRG_PC_203$DEFAULTVIEW(1.0),01/02/23 23:00:00,S,4100,4142903,KWH,X_TAX,EUR,SE,2022-S1,0.1145,e
ESTAT:NRG_PC_203$DEFAULTVIEW(1.0),01/02/23 23:00:00,S,4100,4142903,KWH,X_TAX,EUR,SI,2017-S2,0.0268,
ESTAT:NRG_PC_203$DEFAULTVIEW(1.0),01/02/23 23:00:00,S,4100,4142903,KWH,X_TAX,EUR,SI,2018-S1,0.0274,
ESTAT:NRG_PC_203$DEFAULTVIEW(1.0),01/02/23 23:00:00,S,4100,4142903,KWH,X_TAX,EUR,SI,2018-S2,0.0296,
ESTAT:NRG_PC_203$DEFAULTVIEW(1.0),01/02/23 23:00:00,S,4100,4142903,KWH,X_TAX,EUR,SI,2019-S1,0.0306,
ESTAT:NRG_PC_203$DEFAULTVIEW(1.0),01/02/23 23:00:00,S,4100,4142903,KWH,X_TAX,EUR,SI,2019-S2,0.0284,
ESTAT:NRG_PC_203$DEFAULTVIEW(1.0),01/02/23 23:00:00,S,4100,4142903,KWH,X_TAX,EUR,SI,2020-S1,0.0247,
ESTAT:NRG_PC_203$DEFAULTVIEW(1.0),01/02/23 23:00:00,S,4100,4142903,KWH,X_TAX,EUR,SI,2020-S2,0.0259,
ESTAT:NRG_PC_203$DEFAULTVIEW(1.0),01/02/23 23:00:00,S,4100,4142903,KWH,X_TAX,EUR,SI,2021-S1,0.0254,
ESTAT:NRG_PC_203$DEFAULTVIEW(1.0),01/02/23 23:00:00,S,4100,4142903,KWH,X_TAX,EUR,SI,2021-S2,0.0402,
ESTAT:NRG_PC_203$DEFAULTVIEW(1.0),01/02/23 23:00:00,S,4100,4142903,KWH,X_TAX,EUR,SI,2022-S1,0.0630,
ESTAT:NRG_PC_203$DEFAULTVIEW(1.0),01/02/23 23:00:00,S,4100,4142903,KWH,X_TAX,EUR,SK,2017-S2,0.0277,
ESTAT:NRG_PC_203$DEFAULTVIEW(1.0),01/02/23 23:00:00,S,4100,4142903,KWH,X_TAX,EUR,SK,2018-S1,0.0276,
ESTAT:NRG_PC_203$DEFAULTVIEW(1.0),01/02/23 23:00:00,S,4100,4142903,KWH,X_TAX,EUR,SK,2018-S2,0.0295,
ESTAT:NRG_PC_203$DEFAULTVIEW(1.0),01/02/23 23:00:00,S,4100,4142903,KWH,X_TAX,EUR,SK,2019-S1,0.0329,
ESTAT:NRG_PC_203$DEFAULTVIEW(1.0),01/02/23 23:00:00,S,4100,4142903,KWH,X_TAX,EUR,SK,2019-S2,0.0344,
ESTAT:NRG_PC_203$DEFAULTVIEW(1.0),01/02/23 23:00:00,S,4100,4142903,KWH,X_TAX,EUR,SK,2020-S1,0.0293,
ESTAT:NRG_PC_203$DEFAULTVIEW(1.0),01/02/23 23:00:00,S,4100,4142903,KWH,X_TAX,EUR,SK,2020-S2,0.0306,
ESTAT:NRG_PC_203$DEFAULTVIEW(1.0),01/02/23 23:00:00,S,4100,4142903,KWH,X_TAX,EUR,SK,2021-S1,0.0261,
ESTAT:NRG_PC_203$DEFAULTVIEW(1.0),01/02/23 23:00:00,S,4100,4142903,KWH,X_TAX,EUR,SK,2021-S2,0.0315,
ESTAT:NRG_PC_203$DEFAULTVIEW(1.0),01/02/23 23:00:00,S,4100,4142903,KWH,X_TAX,EUR,SK,2022-S1,0.0581,
ESTAT:NRG_PC_203$DEFAULTVIEW(1.0),01/02/23 23:00:00,S,4100,4142903,KWH,X_TAX,EUR,TR,2017-S2,0.0168,
ESTAT:NRG_PC_203$DEFAULTVIEW(1.0),01/02/23 23:00:00,S,4100,4142903,KWH,X_TAX,EUR,TR,2018-S1,0.0171,
ESTAT:NRG_PC_203$DEFAULTVIEW(1.0),01/02/23 23:00:00,S,4100,4142903,KWH,X_TAX,EUR,TR,2018-S2,0.0185,
ESTAT:NRG_PC_203$DEFAULTVIEW(1.0),01/02/23 23:00:00,S,4100,4142903,KWH,X_TAX,EUR,TR,2019-S1,0.0207,
ESTAT:NRG_PC_203$DEFAULTVIEW(1.0),01/02/23 23:00:00,S,4100,4142903,KWH,X_TAX,EUR,TR,2019-S2,0.0237,
ESTAT:NRG_PC_203$DEFAULTVIEW(1.0),01/02/23 23:00:00,S,4100,4142903,KWH,X_TAX,EUR,TR,2020-S1,0.0216,
ESTAT:NRG_PC_203$DEFAULTVIEW(1.0),01/02/23 23:00:00,S,4100,4142903,KWH,X_TAX,EUR,TR,2020-S2,0.0158,
ESTAT:NRG_PC_203$DEFAULTVIEW(1.0),01/02/23 23:00:00,S,4100,4142903,KWH,X_TAX,EUR,TR,2021-S1,0.0153,
ESTAT:NRG_PC_203$DEFAULTVIEW(1.0),01/02/23 23:00:00,S,4100,4142903,KWH,X_TAX,EUR,TR,2021-S2,0.0242,
ESTAT:NRG_PC_203$DEFAULTVIEW(1.0),01/02/23 23:00:00,S,4100,4142903,KWH,X_TAX,EUR,TR,2022-S1,0.0524,
ESTAT:NRG_PC_203$DEFAULTVIEW(1.0),01/02/23 23:00:00,S,4100,4142903,KWH,X_TAX,EUR,UA,2017-S2,0.0239,
ESTAT:NRG_PC_203$DEFAULTVIEW(1.0),01/02/23 23:00:00,S,4100,4142903,KWH,X_TAX,EUR,UA,2018-S1,0.0246,
ESTAT:NRG_PC_203$DEFAULTVIEW(1.0),01/02/23 23:00:00,S,4100,4142903,KWH,X_TAX,EUR,UA,2018-S2,0.0313,
ESTAT:NRG_PC_203$DEFAULTVIEW(1.0),01/02/23 23:00:00,S,4100,4142903,KWH,X_TAX,EUR,UA,2019-S1,0.0258,
ESTAT:NRG_PC_203$DEFAULTVIEW(1.0),01/02/23 23:00:00,S,4100,4142903,KWH,X_TAX,EUR,UA,2019-S2,0.0201,
ESTAT:NRG_PC_203$DEFAULTVIEW(1.0),01/02/23 23:00:00,S,4100,4142903,KWH,X_TAX,EUR,UA,2020-S1,0.0154,
ESTAT:NRG_PC_203$DEFAULTVIEW(1.0),01/02/23 23:00:00,S,4100,4142903,KWH,X_TAX,EUR,UA,2020-S2,0.0153,
ESTAT:NRG_PC_203$DEFAULTVIEW(1.0),01/02/23 23:00:00,S,4100,4142903,KWH,X_TAX,EUR,UA,2021-S1,0.0217,
ESTAT:NRG_PC_203$DEFAULTVIEW(1.0),01/02/23 23:00:00,S,4100,4142903,KWH,X_TAX,EUR,UK,2017-S2,0.0212,
ESTAT:NRG_PC_203$DEFAULTVIEW(1.0),01/02/23 23:00:00,S,4100,4142903,KWH,X_TAX,EUR,UK,2018-S1,0.0248,
ESTAT:NRG_PC_203$DEFAULTVIEW(1.0),01/02/23 23:00:00,S,4100,4142903,KWH,X_TAX,EUR,UK,2018-S2,0.0266,
ESTAT:NRG_PC_203$DEFAULTVIEW(1.0),01/02/23 23:00:00,S,4100,4142903,KWH,X_TAX,EUR,UK,2019-S1,0.0262,
ESTAT:NRG_PC_203$DEFAULTVIEW(1.0),01/02/23 23:00:00,S,4100,4142903,KWH,X_TAX,EUR,UK,2019-S2,0.0254,
ESTAT:NRG_PC_203$DEFAULTVIEW(1.0),01/02/23 23:00:00,S,4100,4142903,KWH,X_TAX,EUR,UK,2020-S1,0.0252,
